profile,condition,n_seeds,retention_1day_mean,retention_1day_sd,retention_1day_ci_lo,retention_1day_ci_hi,retention_7day_mean,retention_7day_sd,retention_7day_ci_lo,retention_7day_ci_hi,retention_30day_mean,retention_30day_sd,retention_decay_7_to_30_mean,retention_decay_7_to_30_sd,final_ece_mean,final_ece_sd,mean_ece_last3_mean,mean_ece_last3_sd,time_to_mastery_mean,time_to_mastery_sd,scaffolds_per_session_mean,scaffolds_per_session_sd,overconfidence_gap_mean,overconfidence_gap_sd,cohens_d_retention_vs_sm2,effect_interpretation_retention,cohens_d_ece_vs_sm2,effect_interpretation_ece
Crammer,Full CalibrateMe,30,0.229398,0.000861,0.229077,0.229720,0.206560,0.000192,0.206488,0.206631,0.200021,0.000001,0.006539,0.000192,0.160794,0.083916,0.164839,0.052118,30.00,0.00,1.7000,0.4124,-0.120974,0.098738,1.5452,large,0.6691,medium
Crammer,No Dual-Process,30,0.229387,0.000883,0.229057,0.229716,0.206557,0.000197,0.206483,0.206631,0.200021,0.000001,0.006536,0.000196,0.156085,0.082731,0.163846,0.052661,30.00,0.00,1.7211,0.4315,-0.119438,0.099040,1.5167,large,0.7311,medium
Crammer,No Scaffolding,30,0.229428,0.000857,0.229108,0.229748,0.206566,0.000191,0.206495,0.206638,0.200021,0.000001,0.006545,0.000191,0.177835,0.059858,0.178174,0.030649,30.00,0.00,0.0000,0.0000,0.100002,0.099326,1.5801,large,0.5358,medium
Crammer,Calibration Only,30,0.229427,0.000858,0.229107,0.229747,0.206566,0.000191,0.206495,0.206638,0.200021,0.000001,0.006545,0.000191,0.177208,0.058908,0.177980,0.030408,30.00,0.00,0.0000,0.0000,0.100025,0.099356,1.5780,large,0.5476,medium
Crammer,SM-2 Baseline,30,0.227937,0.001024,0.227554,0.228319,0.206233,0.000228,0.206148,0.206319,0.200020,0.000001,0.006214,0.000228,0.216285,0.081950,0.204936,0.049645,30.00,0.00,0.0000,0.0000,0.158566,0.101218,N/A,N/A,N/A,N/A
Crammer,BKT-Only,30,0.229440,0.000856,0.229120,0.229760,0.206569,0.000191,0.206498,0.206640,0.200021,0.000001,0.006548,0.000190,0.181792,0.058849,0.178982,0.033553,30.00,0.00,0.0000,0.0000,0.098956,0.099592,1.5933,large,0.4835,small