profile,condition,beta_star_vocab,beta_star_grammar,final_beta_hat_vocab_mean,final_beta_hat_vocab_sd,final_beta_hat_vocab_ci_lo,final_beta_hat_vocab_ci_hi,final_beta_hat_grammar_mean,final_beta_hat_grammar_sd,final_beta_hat_grammar_ci_lo,final_beta_hat_grammar_ci_hi,vocab_bias_error_mean,vocab_bias_error_sd,grammar_bias_error_mean,grammar_bias_error_sd,final_ece_mean,final_ece_sd,retention_7day_mean,retention_7day_sd,n
Vocab-Over-Grammar-Under,CalibrateMe+DomainSplit,0.2500,-0.1500,0.108476,0.134011,0.045757,0.171194,-0.231373,0.124084,-0.289446,-0.173301,0.158134,0.112783,0.125264,0.076485,0.253240,0.071564,0.278458,0.001714,20
Vocab-Over-Grammar-Under,CalibrateMe+GlobalOnly,0.2500,-0.1500,0.000000,0.000000,0.000000,0.000000,0.000000,0.000000,0.000000,0.000000,0.250000,0.000000,0.150000,0.000000,0.190558,0.070761,0.278337,0.001985,20
Vocab-Under-Grammar-Over,CalibrateMe+DomainSplit,-0.1500,0.2500,-0.235778,0.146606,-0.304391,-0.167165,0.136131,0.127941,0.076253,0.196009,0.141094,0.091011,0.129118,0.111664,0.290807,0.095732,0.278327,0.001835,20
Vocab-Under-Grammar-Over,CalibrateMe+GlobalOnly,-0.1500,0.2500,0.000000,0.000000,0.000000,0.000000,0.000000,0.000000,0.000000,0.000000,0.150000,0.000000,0.250000,0.000000,0.189534,0.070306,0.278316,0.001999,20
Vocab-Well-Grammar-Over,CalibrateMe+DomainSplit,0.0000,0.2000,-0.083490,0.100502,-0.130526,-0.036454,0.067181,0.162310,-0.008781,0.143144,0.110000,0.068566,0.162251,0.131159,0.218410,0.078676,0.328150,0.003215,20
Vocab-Well-Grammar-Over,CalibrateMe+GlobalOnly,0.0000,0.2000,0.000000,0.000000,0.000000,0.000000,0.000000,0.000000,0.000000,0.000000,0.000000,0.000000,0.200000,0.000000,0.199829,0.078210,0.328250,0.002975,20
Both-Over-Asymmetric,CalibrateMe+DomainSplit,0.3000,0.1000,0.158606,0.123684,0.100721,0.216491,-0.050949,0.128134,-0.110917,0.009018,0.151913,0.109773,0.161122,0.114354,0.199513,0.055714,0.245320,0.001071,20
Both-Over-Asymmetric,CalibrateMe+GlobalOnly,0.3000,0.1000,0.000000,0.000000,0.000000,0.000000,0.000000,0.000000,0.000000,0.000000,0.300000,0.000000,0.100000,0.000000,0.181307,0.071013,0.245340,0.001095,20