profile,n_seeds,retention_with_mean,retention_without_mean,retention_diff_mean,retention_diff_sd,retention_diff_ci_lower,retention_diff_ci_upper,ece_with_mean,ece_without_mean,ece_diff_mean,ece_diff_ci_lower,ece_diff_ci_upper,mastery_with_mean,mastery_without_mean,mastery_diff_mean,paired_cohens_d,p_value
Low-Over,30,0.220753,0.220756,-0.000002,0.000050,-0.000021,0.000016,0.182137,0.184687,-0.002549,-0.036568,0.031469,30.00,30.00,0.00,-0.0446,0.006691
Low-Under,30,0.220750,0.220733,0.000017,0.000091,-0.000017,0.000052,0.200736,0.240667,-0.039931,-0.051337,-0.028525,30.00,30.00,0.00,0.1901,0.016939
Low-Well,30,0.220772,0.220747,0.000025,0.000066,0.000000,0.000050,0.198457,0.201088,-0.002632,-0.009501,0.004238,30.00,30.00,0.00,0.3792,0.007296
Med-Over,30,0.278600,0.278608,-0.000009,0.000371,-0.000147,0.000130,0.192875,0.199427,-0.006552,-0.040345,0.027241,30.00,30.00,0.00,-0.0230,0.003523
Med-Under,30,0.278345,0.278299,0.000046,0.000400,-0.000103,0.000195,0.204242,0.270960,-0.066718,-0.088170,-0.045266,30.00,30.00,0.00,0.1155,0.014546
Med-Well,30,0.278488,0.278394,0.000094,0.000373,-0.000045,0.000233,0.213958,0.192397,0.021561,0.002552,0.040570,30.00,30.00,0.00,0.2523,0.014965
High-Over,30,0.437417,0.437239,0.000178,0.000666,-0.000071,0.000427,0.205675,0.217281,-0.011606,-0.045950,0.022738,30.00,30.00,0.00,0.2672,0.014159
High-Under,30,0.436710,0.435951,0.000759,0.001325,0.000264,0.001254,0.205234,0.237252,-0.032018,-0.062655,-0.001382,30.00,30.00,0.00,0.5728,0.001096
High-Well,30,0.436886,0.436788,0.000098,0.000876,-0.000229,0.000425,0.219696,0.210596,0.009100,-0.014082,0.032282,30.00,30.00,0.00,0.1116,0.014247