parameter_value,profile,cm_retention_mean,cm_retention_ci_lower,cm_retention_ci_upper,sm2_retention_mean,sm2_retention_ci_lower,sm2_retention_ci_upper,advantage_mean,advantage_ci_lower,advantage_ci_upper
0.1000,Med-Over,0.273664,0.272397,0.274931,0.265821,0.264214,0.267428,0.007844,0.007181,0.008506
0.1000,Med-Under,0.273870,0.272478,0.275262,0.257155,0.254069,0.260242,0.016715,0.013977,0.019453
0.1000,Med-Well,0.273731,0.272447,0.275016,0.263935,0.261644,0.266225,0.009797,0.007516,0.012078
0.2000,Med-Over,0.278145,0.276312,0.279979,0.269858,0.268293,0.271423,0.008287,0.007001,0.009573
0.2000,Med-Under,0.278012,0.276359,0.279665,0.260666,0.257774,0.263559,0.017346,0.014574,0.020118
0.2000,Med-Well,0.278154,0.276323,0.279985,0.265797,0.264515,0.267080,0.012357,0.010817,0.013896
0.3000,Med-Over,0.282709,0.280942,0.284475,0.272528,0.270276,0.274779,0.010181,0.008740,0.011622
0.3000,Med-Under,0.282315,0.280331,0.284300,0.262319,0.258441,0.266198,0.019996,0.016000,0.023992
0.3000,Med-Well,0.282143,0.280302,0.283985,0.270783,0.269065,0.272501,0.011360,0.009508,0.013213